2,614-319-7266,United States,18-09-2003,jbragg1@go.com,Jolyn,Genderqueer,Bragg
38,323-136-0870,United States,13-12-1991,dgolby11@privacy.gov.au,Demetris,Female,Golby
82,562-453-2275,United States,19-09-2021,ecrosland29@cloudflare.com,Ewan,Male,Crosland
98,970-528-2511,United States,14-11-1997,dperell2p@unc.edu,Durand,Male,Perell
153,408-208-1473,United States,16-10-2003,zduiguid48@yahoo.co.jp,Zita,Female,Duiguid
188,616-217-3402,United States,10-04-1996,ecosti57@timesonline.co.uk,Enriqueta,Female,Costi
251,214-743-7019,United States,29-06-1999,cdurnan6y@imgur.com,Cly,Male,Durnan
252,240-660-9166,United States,08-02-2004,balbrooke6z@printfriendly.com,Bertram,Male,Albrooke
283,865-411-1598,United States,31-10-2009,tguillard7u@acquirethisname.com,Torrence,Male,Guillard
307,318-309-4799,United States,21-03-2011,ohammonds8i@networkadvertising.org,Otes,Male,Hammonds
352,325-868-4484,United States,27-02-1995,rrouchy9r@hhs.gov,Rafaello,Bigender,Rouchy
389,406-962-4087,United States,18-10-2009,lgodridgeas@hc360.com,Linc,Male,Godridge
415,775-840-7859,United States,01-12-2016,tsisnettbi@hp.com,Thaxter,Male,Sisnett
452,913-664-5808,United States,20-01-2010,fdenacampcj@hibu.com,Florinda,Female,Denacamp
508,573-613-4047,United States,22-12-2013,lolliare3@disqus.com,Lisle,Male,Olliar
533,513-929-5651,United States,05-12-2007,mcollises@pbs.org,Mohandas,Male,Collis
549,901-826-5444,United States,13-10-2004,mciccettif8@washington.edu,Maurie,Male,Ciccetti
661,432-697-6300,United States,10-06-1992,rcreeboeic@paypal.com,Rochelle,Genderfluid,Creeboe
719,502-383-3657,United States,11-07-1992,strammeljy@chron.com,Shaylah,Female,Trammel
723,915-400-2965,United States,07-10-1991,asprattk2@time.com,Adore,Female,Spratt
778,831-593-4853,United States,14-07-2002,jbagniukll@unc.edu,Joby,Female,Bagniuk
779,570-232-1012,United States,25-06-2004,fhuttleylm@artisteer.com,Francklyn,Male,Huttley
799,402-498-3239,United States,20-06-1999,cmatchettm6@usda.gov,Celia,Female,Matchett
859,757-620-9267,United States,02-12-2001,lscampionnu@oaic.gov.au,Lianne,Female,Scampion
884,772-941-0693,United States,20-10-1998,ocorrisoj@bizjournals.com,Olivie,Agender,Corris
